,by,descendants,id,kids,score,time,title,type,url,text
0,nalgeon,118.0,38840626,"[38841039, 38842032, 38841759, 38842036, 38841401, 38841618, 38841514, 38842030, 38841857, 38841770, 38841132, 38841570, 38840951, 38841500, 38841645, 38840980, 38841020, 38841547, 38841702, 38841629, 38841518, 38840996, 38841227, 38841035, 38841220, 38841001, 38841457, 38841340, 38841194, 38841369, 38840992]",186,1704195837,LLMs and Programming in the first days of 2024,story,http://antirez.com/news/140,
1,edward,73.0,38840339,"[38842048, 38840753, 38840661, 38841734, 38841860, 38841838, 38841847, 38841666, 38840641, 38841681, 38841016, 38840471, 38840654, 38840677, 38840783, 38840637, 38840501, 38840700]",81,1704193167,"Elizabeth line testing ways of banishing its ""ghosts in the walls""",story,https://www.ianvisits.co.uk/articles/elizabeth-line-testing-ways-of-banishing-its-ghosts-in-the-walls-68642/,
2,drdee,0.0,38812724,,4,1703908827,Up Mount Improbable,story,https://drb.ie/articles/climbing-mount-improbable/,
3,ajdude,0.0,38841626,,4,1704203976,Muppet Babies Will Never Be Available on Streaming Due to Studio Copyright Claim,story,https://movieweb.com/muppet-babies-jim-henson-streaming-issues/,
4,tehrash,17.0,38839506,"[38841930, 38841886, 38840760, 38839507, 38840102, 38841491, 38840665, 38840229]",115,1704184971,What I've learned about flow fields so far,story,https://damoonrashidi.me/articles/flow-field-methods,
5,todsacerdoti,8.0,38838369,"[38841206, 38840761, 38839866, 38839038]",90,1704172561,Running 9front on an emulated SGI Indy via MAME,story,https://posixcafe.org/blogs/2024/01/01/0/,
6,lars512,10.0,38831119,"[38841021, 38840301, 38840307, 38841386]",44,1704108234,The fresh start effect,story,https://lars.yencken.org/fresh-start-effect,
7,nethunters,148.0,38839652,"[38839972, 38840167, 38841292, 38841486, 38840852, 38839879, 38841897, 38840013, 38839894, 38841856, 38840495, 38839956, 38840036, 38841023, 38840022, 38839936, 38840076, 38841073, 38840045, 38839997, 38840223, 38840153, 38839981, 38840691, 38840061, 38841187, 38840048, 38841651]",236,1704186404,Salim Kara stole $2M in coins with a magnet and a car antenna,story,https://www.nofreelunch.co.uk/blog/salim-kara-lrt-scam/,
8,mts_,62.0,38838945,"[38839394, 38839150, 38839458, 38839884, 38839881, 38840135, 38840438, 38840585, 38840068, 38839246, 38840688, 38840610, 38839218, 38839676, 38841508, 38839377, 38839985, 38839420, 38840000, 38839270, 38839987, 38839265, 38839680, 38839694]",63,1704178709,"Push Notifications – What to Push, What Not to Push, and How Often",story,https://eugeneyan.com/writing/push/,
9,brudgers,5.0,38835113,"[38841688, 38841483, 38841365, 38841590]",19,1704141275,How to Build the CMoy Pocket Amplifier (2016),story,https://tangentsoft.com/audio/cmoy/,
10,taviso,4.0,38838723,"[38841649, 38841334, 38841835]",25,1704176240,The Hiew Hex Editor,story,https://lock.cmpxchg8b.com/hiew.html,
11,tomosterlund,16.0,38838946,"[38841861, 38842001, 38841556, 38841754, 38841944]",63,1704178718,Show HN: I built an open source web calendar inspired by the Google calendar,story,https://schedule-x.dev/demos/calendar,"I love the looks and UX of the Google calendar. But I wanted to have a version I could use more freely in my own projects, still looking similar to the one from Google."
12,pjmlp,4.0,38831012,"[38840723, 38841172]",18,1704106645,Musings on the C Charter,story,https://blog.aaronballman.com/2023/12/musings-on-the-c-charter/,
13,HakanAbbas,112.0,38838531,"[38838800, 38838770, 38838934, 38839104, 38838707, 38839085, 38839994, 38839284, 38840643, 38838733, 38839512, 38838861, 38838632]",147,1704174186,New Ultra Fast Lossless Audio Codec (HALAC),story,"https://hydrogenaud.io/index.php/topic,125248.0.html?PHPSESSID=su12fvq4ar7cordpr8p1uoa7p0",
14,segfaultbuserr,8.0,38840142,"[38841843, 38841696, 38840914, 38841862, 38841716, 38841507, 38841742]",60,1704191127,Why does integer representation of a floating point approximate its logarithm?,story,https://stackoverflow.com/questions/75772363/why-does-the-integer-representation-of-a-floating-point-number-offer-a-piecewise,
15,wglb,5.0,38838487,"[38838867, 38839757]",35,1704173707,"Sodium's high-pressure transformation can tell us about stars, planets",story,https://phys.org/news/2023-12-sodium-high-pressure-interiors-stars-planets.html,
16,edent,24.0,38841277,"[38841627, 38841902, 38841450, 38841449, 38841634, 38841513, 38841461, 38841324]",19,1704201212,Reductive Thinking and the Unfairness of Spotify Payments,story,https://shkspr.mobi/blog/2024/01/the-unfairness-of-spotify-payments-and-reductive-thinking/,
17,stackus,29.0,38838161,"[38839446, 38839530, 38841054, 38839820, 38840558, 38840516, 38839305]",39,1704170175,Hamlet: A type-safe Haml template engine for Go,story,https://github.com/stackus/hamlet,
18,goddessoflists,23.0,38838198,"[38839179, 38840166, 38839327, 38841174, 38839133, 38839912, 38840973, 38840679, 38839276, 38840113, 38840293, 38840764, 38838914, 38841168]",84,1704170539,How to forget what you read,story,https://ckarchive.com/b/68ueh8hk25687hkq88gqmtzope0kk,
19,moritzruth,55.0,38840766,"[38841792, 38841569, 38841670, 38841789, 38841631, 38841418, 38841583, 38841548, 38841589, 38841678, 38841871, 38841610, 38841833, 38841543]",45,1704197108,How do we stop Meta in 2024? We fix the information loop,story,https://www.fromjason.xyz/p/notebook/how-do-we-stop-meta-in-2024-we-fix-the-information-loop/,
20,sgbeal,27.0,38838585,"[38842050, 38841599, 38839876, 38841323, 38840067, 38839527, 38840959, 38841790, 38841063, 38840799, 38839224, 38839105, 38840875, 38841244, 38838818, 38841800, 38839854, 38839807, 38839933, 38841043, 38839878, 38840681, 38839010, 38838664]",22,1704174828,Ask HN: What 1980s/90s-era shareware did you purchase?,story,,"Shareware was a common software business model back in the 1980s and 90s, though it&#x27;s rare (or not called that) nowadays. Even the legendary DOOM was shareware, with the first few missions for free and the later missions available for a nominal fee (a practice not uncommon for games at the time).<p>In the 90s i used perhaps half a dozen pieces of shareware with any regularity but only purchased three (in no particular order):<p>1) TheDraw - an ANSI&#x2F;ASCII art editor, which i briefly used for creating animated screens for use with dial-up BBSes.<p>2) 4DOS&#x2F;4NT was a command.com replacement for DOS&#x2F;Windows which offered features such as the command-line editing available in all modern shells.<p>3) DOOM, which my two housemates chipped in to help buy. We played the hell out of it, multi-player on two 486&#x2F;66&#x27;s connected with a serial cable.<p>All of the purchases arrived via snail-mail, with TheDraw and DOOM on floppy disks and 4DOS on a CD. A couple weeks after buying it, one of my housemates took the DOOM disk(s?) to his father&#x27;s place and ended up infecting it with a virus.<p>What shareware, if any, did you purchase back in the day (and what did you use it for)?<p>Edit: there was a 4th: WinRCS was a Windows front-end to the RCS version control system. It didn&#x27;t get much use but it was my introduction to source code control."
21,PaulHoule,0.0,38841751,,3,1704204726,"Britons increasingly turning to food black market, experts say",story,https://www.theguardian.com/society/2023/dec/22/britons-increasingly-turning-to-food-black-market-experts-say,
22,L_226,151.0,38839436,"[38839735, 38841964, 38841331, 38841126, 38841642, 38839563, 38839678, 38841884, 38839793, 38839584, 38839642, 38839657, 38841624, 38841419, 38839780, 38839688, 38839730, 38840612, 38839571, 38839897, 38839850, 38839707, 38839553, 38839889, 38839727, 38839738, 38839616, 38839959, 38839777, 38839668, 38839555, 38839696, 38839610, 38839703, 38839637]",96,1704184276,Blueprint health protocol,story,https://protocol.bryanjohnson.com/,
23,mindcrime,30.0,38836437,"[38837698, 38838540, 38838093, 38840829, 38837714, 38839775, 38839257, 38838362, 38839759]",91,1704153056,Calculating Logarithms by Hand [pdf],story,https://fiziko.bureau42.com/teaching_tidbits/manual_logarithms.pdf,
24,popcalc,44.0,38831826,"[38840497, 38840285, 38841786, 38841273, 38839910, 38841201, 38840527, 38841370, 38839851, 38840385, 38840093, 38841393, 38840002, 38839766, 38840854, 38841471, 38841535, 38839599, 38839661, 38840211, 38840151, 38839736, 38839728, 38840718]",73,1704117843,Hungarian Railways' Live Countrywide Map,story,http://vonatinfo.mav-start.hu/info.aspx,
25,Brajeshwar,13.0,38831740,"[38839937, 38840514, 38841506, 38839928, 38839771, 38840246, 38839627]",21,1704116911,The Cheesy Charm of the Clapper,story,https://spectrum.ieee.org/clapper,
26,azhenley,93.0,38833658,"[38835127, 38841753, 38835357, 38835550, 38834509, 38836113, 38840687, 38835610, 38835876, 38836996, 38835448, 38837230, 38834446, 38835323, 38835965, 38834910, 38834289, 38840857, 38836628, 38835983]",424,1704131541,A* tricks for videogame path finding,story,https://timmastny.com/blog/a-star-tricks-for-videogame-path-finding/,
27,Anon84,132.0,38834244,"[38836345, 38837556, 38835172, 38835197, 38835613, 38834655, 38837282, 38834700, 38837281, 38837626, 38834844, 38836039, 38834936, 38834972, 38837742, 38837319, 38834697, 38836754, 38837415]",407,1704134768,"Mathematical Introduction to Deep Learning: Methods, Implementations, and Theory",story,https://arxiv.org/abs/2310.20360,
28,gslin,3.0,38841080,"[38842026, 38841956, 38841529]",34,1704199582,"After 34 Years, Someone Beat Tetris [video]",story,https://www.youtube.com/watch?v=GuJ5UuknsHU,
29,pauloxnet,126.0,38831219,"[38833681, 38833075, 38833634, 38832742, 38834536, 38838015, 38840322, 38832768, 38834381, 38834504, 38833930, 38832972, 38834451, 38834231, 38834510]",603,1704109895,Standard Ebooks,story,https://standardebooks.org/,
30,geox,10.0,38830103,"[38839023, 38841163, 38839746, 38840189]",44,1704091231,Pasteur and the beer of national revenge (2017),story,https://www.garshol.priv.no/blog/376.html,
31,the-dude,78.0,38839885,"[38840192, 38840193, 38840249, 38840182, 38841161, 38840591, 38840569, 38841216, 38841002, 38841138, 38840089, 38840272, 38840879, 38840982, 38840653, 38840386, 38840922, 38840887]",79,1704188693,Japan Airlines plane catches fire while landing at Tokyo airport runway,story,https://www.mirror.co.uk/news/world-news/breaking-plane-catches-fire-taking-31786520,
32,codyd51,70.0,38833747,"[38837041, 38834873, 38835659, 38835428, 38835494, 38839154, 38836508, 38835692, 38834880, 38835960, 38836018, 38837427, 38837079, 38835996, 38834913, 38833748]",289,1704132114,Writing a TrueType font renderer,story,https://axleos.com/writing-a-truetype-font-renderer/,"Hi HN, happy new year!<p>TrueType is really a neat and fun format, packed with esoterica. This post gives some background on the problem of text rendering in general, explains how TrueType works under the hood, and contains lots of tidbits that I hope will be interesting.<p>There’s also a bunch of screenshots of the in-progress renderer stumbling over itself. I hope you enjoy the read!"
33,wglb,1.0,38838466,[38839439],21,1704173522,Constraining dynamics of rotating black holes via the gauge symmetry principle,story,https://phys.org/news/2023-12-constraining-dynamics-rotating-black-holes.html,
34,saeedesmaili,173.0,38832317,"[38834168, 38835854, 38838727, 38832880, 38833639, 38832941, 38833195, 38834990, 38833479, 38837343, 38834531, 38838970, 38835838, 38837150, 38832975, 38832927, 38833402, 38833555, 38833270, 38833745, 38833485, 38833162, 38834262, 38834264, 38833698, 38833187, 38836209, 38833503]",368,1704122192,OpenVoice: Versatile Instant Voice Cloning,story,https://arxiv.org/abs/2312.01479,
35,fercircularbuf,20.0,38836998,"[38839945, 38841072, 38841368, 38839679, 38839630, 38839296, 38839043, 38838755, 38838981, 38839000]",58,1704158147,Show HN: Hook – a simple graphical C/C++ runtime editor,story,https://github.com/abolinsky/Hook,"While helping one of my students create and iterate on a game in C using raylib, I realized there was quite a lot of time spent on experimenting with level design and colors, how the player moves, gravity, etc. and a lot of time was wasted making a change, exiting the game, recompiling, running the game, deciding his change wasn&#x27;t right, and going through the whole cycle over and over. I could tell it was demotivating, and this process was creating a barrier that prevented him from experimenting to his heart&#x27;s content.<p>I started this project to solve this problem by giving a simple gui to a few core features of lldb through the lldb api. Experimenting with changing colors, where blocks in the level go, how tall the player is, gravity is all now just a simple toggle or text field edit. The variables are modifiable while the program is running.<p>The project is still in its early stages, and so far only targets macOS."
36,ingve,19.0,38830159,"[38839169, 38839177, 38839155, 38838708, 38839146, 38839217, 38838700]",21,1704092314,Return to Innocence,story,https://deprogrammaticaipsum.com/return-to-innocence/,
37,ghr,218.0,38830782,"[38831907, 38836069, 38831628, 38835082, 38841347, 38837643, 38834973, 38831475, 38831678, 38835171, 38831532, 38836763, 38835249, 38831817, 38836741, 38835984, 38837280, 38837816, 38837555, 38831580, 38839263, 38832141, 38832718, 38832220, 38836950, 38835710, 38836478, 38836234, 38838028, 38835973, 38837620, 38836412, 38835889, 38830792, 38836487, 38836325, 38832770, 38835787, 38835003, 38835116, 38836101, 38832318, 38837081, 38836854, 38836542, 38836467, 38832103, 38835020, 38835516, 38836410, 38831887, 38836023, 38831739, 38834420, 38831694, 38836678, 38835868, 38835790, 38835359, 38831902, 38840111, 38832021]",295,1704102951,Fixing annoying blue standby lights,story,https://www.fullcircuit.com/blog/fixing-annoying-blue-standby-lights,
38,raviisoccupied,2.0,38841183,"[38841928, 38841601]",14,1704200394,NHS England published heavily redacted Palantir contract as festivities began,story,https://www.theregister.com/2024/01/02/nhs_england_published_heavily_redacted/,
39,jacquesm,81.0,38831241,"[38840863, 38839235, 38834199, 38840176, 38839968, 38834612, 38840499, 38840993, 38831413, 38839182, 38839502, 38839832, 38839951, 38840521, 38841733, 38839170, 38839121]",72,1704110215,Notation Must Die: The Battle for How We Read Music [video],story,https://www.youtube.com/watch?v=Eq3bUFgEcb4,
40,spike021,117.0,38835419,"[38836066, 38837492, 38835507, 38836366, 38836060, 38836548, 38836806, 38837456, 38837575, 38837946, 38835785, 38837965, 38835819, 38836721, 38836175, 38835911, 38836617, 38836649, 38836436, 38836406, 38835862]",183,1704143787,NERV Disaster Prevention,story,https://nerv.app/en/,
41,rcarmo,76.0,38839422,"[38839631, 38840018, 38839522, 38840509, 38839547]",66,1704184122,Nvidia RTX 5000 Ada 32GB Workstation GPU Review,story,https://www.servethehome.com/nvidia-rtx-5000-ada-32gb-workstation-gpu-review/,
42,anarbadalov,1.0,38838661,[38838912],3,1704175727,Benjamín Labatut Will Not Be Profiled,story,https://lithub.com/benjamin-labatut-will-not-be-profiled/,
43,fagnerbrack,2.0,38837311,"[38841806, 38840417]",9,1704161790,Stylex,story,https://stylexjs.com/blog/introducing-stylex/,
44,rguiscard,154.0,38830673,"[38837647, 38831221, 38832577, 38838816, 38831925, 38831088, 38837672, 38835769, 38836230, 38831048, 38831040, 38836176, 38832106, 38834907, 38834333, 38836338, 38835175, 38838319, 38834673, 38831047, 38831341, 38835089, 38832651, 38832590, 38834861, 38841814, 38836402, 38833859, 38835432]",209,1704101439,"Web browser as GUI, with your preferred language in the backend",story,https://github.com/webui-dev/webui,
45,st_goliath,76.0,38835345,"[38842051, 38837829, 38836876, 38840318, 38837082, 38837982, 38840734, 38837522, 38838641, 38839626, 38836606, 38838447, 38838451, 38837805, 38837966, 38838000, 38838963, 38837673, 38840096, 38838750, 38839030, 38838081, 38839418]",209,1704143145,uBlacklist: Blocks specific sites from appearing in Google search results,story,https://github.com/iorate/ublacklist,
46,882542F3884314B,62.0,38829448,"[38831949, 38830632, 38829863, 38833157, 38832081, 38830141, 38831540, 38832373, 38830092, 38829878, 38833160, 38829971, 38832676, 38831151, 38830461, 38830600, 38832028, 38830045]",306,1704077876,"Meshtastic: An open source, off-grid, decentralized, mesh network",story,https://meshtastic.org/,
47,taubek,12.0,38838875,"[38841655, 38841909, 38840860, 38841141, 38840842]",21,1704177790,I applied to 250 jobs and timed how long each one took,story,https://old.reddit.com/r/recruitinghell/comments/17p7mlt/i_applied_to_250_jobs_and_timed_how_long_each_one/,
48,rcarmo,29.0,38822892,"[38832779, 38835540, 38833318, 38835252, 38837841, 38832014, 38832694, 38833795, 38832806]",145,1704015742,"Ottopot, a sophisticated DIY MIDI controller",story,https://gerotakke.de/ottopot/,
49,goncalossilva,103.0,38828040,"[38829615, 38828831, 38828751, 38828698, 38828450, 38828360, 38828661, 38831169, 38829784, 38832925, 38833723, 38830938, 38828392, 38830427, 38828347, 38830486, 38829405, 38829874, 38829516, 38829964, 38828836, 38829880, 38829225, 38840932, 38828971]",366,1704061316,"Bazzite – a SteamOS-like OCI image for desktop, living room, and handheld PCs",story,https://github.com/ublue-os/bazzite,
50,serverlessmom,28.0,38834780,"[38836346, 38839245, 38839309, 38836393, 38840097, 38835744, 38839559, 38837386, 38838020, 38835921, 38835849, 38836207, 38836305, 38838806, 38836029, 38839222, 38835867, 38835847, 38836179, 38835974, 38836118]",92,1704138724,Displaying Content as a Graph,story,https://thisisimportant.net/posts/content-as-a-graph/,
51,882542F3884314B,457.0,38821248,"[38821377, 38821823, 38821314, 38822040, 38822161, 38822938, 38821523, 38823697, 38822703, 38821939, 38822241, 38822983, 38821367, 38821398, 38823310, 38821297, 38821508, 38822021, 38827565, 38821887, 38822676, 38822148, 38821871, 38822158, 38821476, 38823005, 38821392, 38822729, 38822572, 38824011, 38823025, 38822227, 38822921, 38823483, 38823834, 38821418, 38822079, 38821493, 38825560, 38826431, 38822797, 38833477, 38821904, 38821349, 38821265, 38822093, 38822118, 38823339, 38821440, 38821582, 38824827, 38821715, 38823263, 38823408, 38821664, 38821912, 38823187, 38822679, 38822841, 38821584, 38821851, 38823251, 38825467, 38823809, 38822195, 38824754, 38824820, 38824514, 38821653, 38821477, 38821589, 38821397, 38821383, 38822414, 38821378, 38824771, 38821988]",909,1703989942,"Compare Google, Bing, Marginalia, Kagi, Mwmbl, and ChatGPT",story,https://danluu.com/seo-spam/,
52,sam_bristow,14.0,38827599,"[38828792, 38836926, 38832170, 38829211, 38829080]",60,1704057464,O(1) Build File,story,https://matklad.github.io/2023/12/31/O(1)-build-file.html#O-1-Build-File,
53,benhoyt,68.0,38829772,"[38833378, 38830524, 38831030, 38830927, 38832954, 38830186, 38830571, 38833920, 38831112, 38830407, 38831143, 38833822, 38833554, 38831139, 38830548, 38833307, 38834401, 38833853, 38831028, 38831454, 38831073, 38834601, 38830423, 38830457, 38830285]",215,1704084015,Using a Markov chain to generate readable nonsense with 20 lines of Python,story,https://benhoyt.com/writings/markov-chain/,
54,selvan,20.0,38837870,"[38841995, 38839586, 38838266, 38838318, 38838188, 38840398, 38838918, 38838377]",86,1704167303,Litestream – Opensource disaster recovery and continuous replication for SQLite,story,https://litestream.io/,
55,400thecat,6.0,38838638,"[38839366, 38839340, 38840983, 38839475, 38839076]",22,1704175419,Creative Destruction in Small Business Bankruptcy,story,https://www.creditslips.org/creditslips/2023/08/creative-destruction-in-small-business-bankruptcy.html,
56,ripe,20.0,38836849,"[38841730, 38837869, 38838747, 38837598, 38838118, 38838572, 38837794, 38839405, 38838483, 38837884, 38838127]",60,1704156752,Why Is There a 'Strand of DNA' on Massachusetts License Plates?,story,https://www.wgbh.org/lifestyle/2018-03-06/why-is-there-a-strand-of-dna-on-massachusetts-license-plates,
57,gumby,33.0,38808121,"[38833446, 38835665, 38835263, 38833624, 38838339, 38835860, 38834813, 38833715]",62,1703873171,"Comparing Tech Used for Apollo, Artemis NASA Missions",story,https://www.eetimes.com/comparing-tech-used-for-apollo-artemis-nasa-missions/,
58,doener,218.0,38839088,"[38839212, 38839425, 38839203, 38839848, 38839430, 38839156, 38839216, 38840122, 38840658, 38839373, 38839496, 38839485, 38839408, 38839261, 38839711, 38839589, 38839268, 38839292]",158,1704180600,Eating fewer calories can ward off ageing,story,https://www.economist.com/technology-quarterly/2023/09/25/eating-fewer-calories-can-ward-off-ageing,
59,pontifk8r,42.0,38839143,"[38839645, 38839773, 38841603, 38840177, 38841089, 38840243]",40,1704181223,Vermont Attorney General's dog sniffs out electronic storage devices,story,https://vtdigger.org/2023/12/24/in-his-final-years-on-the-job-mojo-the-dog-sniffs-out-illicit-material-and-brings-immeasurable-joy-to-vermonts-internet-crimes-unit/,
60,ethanyu94,,38825458,,1,1704042075,Motion (YC W20) Is Hiring Front End Engineers,job,https://jobs.ashbyhq.com/motion/4f5f6a29-3af0-4d79-99a4-988ff7c5ba05?utm_source=hn,
61,s4i,133.0,38831991,"[38835651, 38832441, 38832488, 38841619, 38832169, 38832533, 38832476, 38832520, 38832322, 38832258, 38832274, 38838433, 38832791, 38832593, 38835946, 38832287, 38832645, 38832415, 38832530, 38832708, 38832264, 38836256, 38838788, 38832332, 38834927, 38832709, 38832215, 38836919, 38833196, 38832406, 38832509, 38838287, 38833013]",145,1704119154,Subject-First Commit Messages,story,https://github.com/aaronjensen/software-development/blob/master/commit-messages.md,
62,andy_herbert,1.0,38833115,[38839416],8,1704127571,Wacky Jabber (2022),story,https://inference-review.com/article/wacky-jabber,
63,Thevet,0.0,38837998,,3,1704168330,How to Celebrate the New Year in Greenland,story,https://www.atlasobscura.com/articles/new-years-greenland-mitaartut,
64,indyjoenz,26.0,38830687,"[38835686, 38830933, 38831246, 38833619, 38838406, 38833907, 38830715]",145,1704101627,Show HN: Durdraw – a modern ANSI art editor for modern Unix terminals,story,https://github.com/cmang/durdraw,"I&#x27;ve been working on an ANSI art editor off and on for a while. It works like a traditional ANSI text editor, except it supports 256 colors, Unicode and CP437 encoding, frame-based animation, custom UI themes, terminal mouse input, HTML and IRC color output, and runs in Utf-8 terminals.<p>It&#x27;s written in Python and curses, and is fairly portable across Unix systems. If you have ever used TheDraw or Aciddraw, the user interface is similar. It can also load&#x2F;convert, view, edit and save most CP437 (MS-DOS style) ANSI art in a Utf-8 terminal, so you can view ANSI artscene packs in the comfort of your favorite terminal, and even convert them into 256 color Unicode ANSI.<p>I&#x27;ve been using it for my own ANSI and ASCII art for a number of years, and hope this will help artists work with less restrictions. I think there is a lot of opportunity for ANSI art beyond its dominant 16-color Code Page 437 format. We all have computers with amazing ANSI terminals with modern features. Shouldn&#x27;t they be the natural home for making text art?<p>It&#x27;s still a work in progress, and I&#x27;m always adding features. Thanks for checking it out!"
65,nalgeon,136.0,38830194,"[38832165, 38830669, 38831084, 38831192, 38831270, 38830631, 38831008, 38830510, 38831111, 38830641, 38830590, 38830813, 38831393, 38831778, 38831598, 38831841, 38831665, 38831911, 38831290, 38830597, 38830766, 38833110, 38831002]",193,1704093019,Git Things,story,https://matklad.github.io/2023/12/31/git-things.html#Git-Things,
66,EndXA,206.0,38831446,"[38832627, 38832845, 38831810, 38832316, 38832227, 38832123, 38831875, 38832148, 38831945, 38832369, 38832733, 38832121, 38832125, 38839902, 38831798, 38831837, 38831768, 38834245, 38832393, 38837217, 38832176, 38831970, 38837873, 38831799, 38833456, 38831681, 38835028, 38835330, 38832456, 38831872, 38832120, 38834709, 38834875, 38835339, 38834550, 38832160, 38835407, 38839579, 38833388, 38837815, 38837199, 38832953, 38831674, 38831794, 38832029, 38834272, 38835611, 38835810, 38834222, 38831655, 38834293, 38832034, 38833869, 38833652, 38832153, 38834747, 38834744, 38833814, 38831835, 38831741, 38831605, 38831652, 38831766]",637,1704112921,Procrastination is connected to perfectionism,story,https://solvingprocrastination.com/perfectionism/,
67,rramadass,24.0,38821708,"[38821833, 38828707, 38837935, 38838891, 38837174]",66,1703995847,Decision Table Based Methodology for Software Development (2004),story,https://www.methodsandtools.com/archive/archive.php?id=39,
68,asicsp,45.0,38837807,"[38838797, 38838150, 38838422, 38838025]",98,1704166624,Zig cookbook: collection of simple Zig programs that demonstrate good practices,story,https://github.com/zigcc/zig-cookbook,
69,1970-01-01,233.0,38833497,"[38833899, 38834656, 38834881, 38834695, 38833812, 38833786, 38834040, 38833739, 38833721, 38834159, 38834838, 38833984, 38833675, 38834225, 38834226, 38835051, 38834111, 38839151, 38836701, 38834605, 38833636, 38833678, 38833695]",340,1704130391,Woman with rectifier and electric car (1912),story,https://nyheritage.contentdm.oclc.org/digital/collection/p16694coll20/id/35/,
70,ck45,1.0,38822981,[38836286],16,1704017723,"Karl Hans Janke – The ""artist-inventor""",story,https://www.arthistoricum.net/en/subjects/image/janke-archive,
71,nf3,121.0,38822251,"[38831463, 38831335, 38831443, 38835083, 38832206, 38837116, 38835341, 38838575, 38832133, 38834878, 38836233, 38831576, 38831334, 38831487, 38832054, 38836982, 38836545]",59,1704003945,Slow Electricity: The Return of DC Power? (2016),story,https://solar.lowtechmagazine.com/2016/04/slow-electricity-the-return-of-dc-power/,
72,throw0101b,436.0,38823817,"[38824258, 38824567, 38824511, 38824103, 38824290, 38824297, 38826857, 38824205, 38824270, 38836726, 38824507, 38824524, 38826688, 38826106, 38825540, 38824098, 38825394, 38824683, 38824107, 38825417, 38824422, 38824277, 38831952, 38824295, 38824335, 38828969, 38824686, 38824381, 38827537, 38826627, 38824296, 38824530, 38826063, 38824449, 38825967, 38824371, 38824158, 38824289, 38825433, 38824388, 38825981, 38824704, 38824688, 38824146, 38824265]",315,1704028380,Email addresses are not good 'permanent' identifiers for accounts,story,https://utcc.utoronto.ca/~cks/space/blog/tech/EmailAddressesBadPermanentIDs,
73,muterad_murilax,231.0,38823101,"[38826854, 38825490, 38824908, 38824860, 38828199, 38826243, 38826156, 38825545, 38829400, 38824586, 38828134, 38825972, 38825603, 38829938, 38824315, 38825549, 38824929]",456,1704019533,I forked SteamOS for my living room PC,story,https://iliana.fyi/blog/build-your-own-steamos-updates/,
74,vidyesh,7.0,38833440,"[38834983, 38834422]",85,1704129840,The Procrastination Matrix (2015),story,https://waitbutwhy.com/2015/03/procrastination-matrix.html,
75,sacrosanct,35.0,38833208,"[38834863, 38838997, 38836099, 38839109, 38835700, 38834798, 38836945, 38835306]",161,1704128230,Happy Public Domain Day,story,https://publicdomainreview.org/blog/2024/01/public-domain-day-2024/,
76,transpute,60.0,38824644,"[38825831, 38825491, 38826163, 38826331, 38827124, 38825469, 38826316, 38826252, 38825462, 38826455]",85,1704036349,iOS Wi-Fi Profile Generator,story,https://daduckmsft.github.io/WiFiProfileGenerator/,
77,simonw,124.0,38828594,"[38830373, 38830198, 38831368, 38831004, 38831218, 38830365, 38830911, 38830499, 38830735, 38838069, 38832568, 38831405, 38830332, 38831997, 38830651]",193,1704067718,Stuff we figured out about AI in 2023,story,https://simonwillison.net/2023/Dec/31/ai-in-2023/,
78,ramiboutas,4.0,38832074,"[38835791, 38836304]",21,1704119889,Show HN: I created a SaaS with Htmx and Django back end (nicecv.online),story,https://nicecv.online/,I&#x27;ve build this site and I&#x27;m looking for feedback.<p>The site is a web application to create nice formatted CV from multiple templates. This templare are written in LaTex.
79,angrymouse,135.0,38809145,"[38810272, 38809683, 38809967, 38810015, 38809502, 38812715, 38809767, 38811022, 38809901, 38811848, 38809473, 38809420, 38810367, 38810296, 38809742, 38811591, 38810475, 38814595, 38815516, 38815403, 38811714, 38810067, 38812099, 38814083, 38810159, 38812964, 38814626, 38816761, 38814817, 38810845, 38813989, 38809822, 38809824, 38810466, 38809801, 38811494, 38814354, 38814553, 38809670, 38812874, 38810101]",572,1703878002,Blot turns a folder into a website,story,https://blot.im/how,
80,elorant,1.0,38841468,[38841931],5,1704202659,"China's solar sector steams ahead of EU, US",story,https://www.dw.com/en/chinas-solar-sector-steams-ahead-of-eu-us/a-67846128,
81,debarshri,10.0,38833113,"[38834825, 38837588, 38838520, 38837920, 38835425]",73,1704127557,Show HN: DBChaos – A Database stress testing tool,story,https://github.com/adaptive-scale/dbchaos,
82,Timothee,30.0,38837848,"[38838748, 38841493, 38838502, 38841446, 38839211, 38841477, 38839675, 38838568, 38839204, 38838417, 38838937, 38840198, 38840077, 38838454, 38838835, 38838438]",36,1704167102,"20 years later, the Y2K bug seems like a joke–because some took it seriously (2019)",story,https://time.com/5752129/y2k-bug-history/,
83,mattm,17.0,38836293,"[38836970, 38838511, 38837651, 38836960, 38837614]",34,1704151759,Codebreaker Cracks 135 Year Old Message [video],story,https://www.youtube.com/watch?v=wu9o3vSYtl4,
84,whoami_nr,26.0,38823240,"[38831790, 38831172, 38830539, 38830497, 38831727, 38834758, 38830667]",114,1704021097,Counterfactual Regret Minimisation or How I won any money in Poker?,story,https://rnikhil.com/2023/12/31/ai-cfr-solver-poker.html,
85,tim_artflow,22.0,38830482,"[38830728, 38830693, 38835120, 38830739, 38832923, 38830727, 38830713, 38836032]",72,1704098646,Show HN: Made some progress on character consistency for AI storytelling,story,https://app.artflow.ai/character-builder?feature=characters,"It has been a major challenge for all AI storytellers to create images of a character with consistent face&#x2F;hair&#x2F;outfit&#x2F;body type across different scenes. We took a stab at this problem at Artflow’s and we&#x27;d like to show it to you to gather some early feedback.<p>Please note that this is still an early version and we fully admit it&#x27;s not perfect.<p>See a tutorial&#x2F;sample here: <a href=""https:&#x2F;&#x2F;app.artflow.ai&#x2F;releases#release%203.5.1%202023-11-29"" rel=""nofollow"">https:&#x2F;&#x2F;app.artflow.ai&#x2F;releases#release%203.5.1%202023-11-29</a>"
86,nirvanist,52.0,38832257,"[38838251, 38832585, 38832693, 38838693, 38832664, 38832804, 38832679]",128,1704121790,"Show HN: Page Replica – Tool for Web Scraping, Prerendering, and SEO Boost",story,https://github.com/html5-ninja/page-replica,
87,ryangibb,172.0,38823514,"[38826424, 38828316, 38828242, 38826087, 38825735, 38828424, 38825716, 38826294, 38828449, 38825758, 38825968, 38827904, 38828952, 38823806, 38832184, 38829979, 38825793, 38826658, 38826126, 38826093, 38828922, 38826176, 38826381, 38828796, 38825932, 38827648, 38825875, 38825686, 38825685]",322,1704024652,7 watts idle – building a low powered server/NAS on Intel 12th/13th gen,story,https://mattgadient.com/7-watts-idle-on-intel-12th-13th-gen-the-foundation-for-building-a-low-power-server-nas/,
88,yla92,154.0,38822164,"[38825456, 38822935, 38826055, 38825695, 38824423, 38835130, 38823384, 38823045, 38828326, 38822907, 38824864, 38824283, 38823764, 38828547, 38823831, 38824720, 38825755, 38825997, 38825082, 38825201, 38823474, 38823609, 38823291, 38826750, 38822851, 38830352, 38822800, 38823171]",370,1704002351,Emacs-copilot: Large language model code completion for Emacs,story,https://github.com/jart/emacs-copilot,
89,pg_1234,1.0,38839414,[38841951],10,1704184056,Japan's deadly earthquakes spark fires and destroy buildings – in pictures,story,https://www.theguardian.com/world/gallery/2024/jan/02/japans-deadly-earthquakes-spark-fires-and-destroy-buildings-in-pictures,
90,matheust,20.0,38814492,"[38825101, 38827891, 38827328, 38827700, 38824476, 38823300, 38827225, 38827431, 38815341, 38814938, 38828452]",211,1703936725,Committing Without Git,story,https://matheustavares.gitlab.io/posts/committing-without-git,
91,mpweiher,30.0,38822785,"[38833951, 38833891, 38835732, 38833542, 38833694, 38836517, 38834522, 38834221, 38835227, 38834720, 38833536, 38835216]",59,1704014075,Pushing It Back,story,http://www.antipope.org/charlie/blog-static/2023/09/pushing-it-back.html,
92,rurban,7.0,38814560,"[38814576, 38832349, 38832935]",133,1703937318,37C3: Fuzzing the TCP/IP Stack,story,https://events.ccc.de/congress/2023/hub/en/event/fuzzing_the_tcp_ip_stack/,
93,begueradj,49.0,38823002,"[38836569, 38836540, 38835661, 38835898, 38835600, 38836171, 38837820, 38837019, 38839258, 38837565, 38838329, 38837098, 38836323, 38837471, 38836940, 38835775, 38838283]",218,1704018123,Getting things done in small increments (2022),story,https://dubroy.com/blog/getting-things-done-in-small-increments/,
94,dragonbonheur,120.0,38830223,"[38830436, 38830406, 38830377, 38831746, 38830848, 38830821, 38830526, 38834402, 38830274, 38830369, 38831613, 38830404, 38832494, 38830474, 38831545, 38830375, 38831063]",196,1704093644,Steamboat Willie [video],story,https://www.youtube.com/watch?v=hmzO--ox7X0,
95,ilpr,14.0,38829177,"[38830310, 38831035, 38829594, 38838975, 38831160, 38830726]",48,1704074666,Show HN: Raiseto – Discover and Share Ideas,story,https://raiseto.com/,
96,zdw,41.0,38809454,"[38827579, 38827235, 38827987, 38828346, 38828044, 38828144, 38828488, 38829643, 38827795]",186,1703879671,The step-by-step mechanical logic of old pinball machines [video],story,https://www.youtube.com/watch?v=E3p_Cv32tEo,
97,SaaSRobinHood,1.0,38836965,[38836966],3,1704157829,ScheduleSort,story,https://github.com/tristancrushing/ScheduleSort,
98,chmaynard,43.0,38823523,"[38831296, 38832994, 38831445, 38834500, 38831293, 38835138, 38833030, 38831521, 38831769, 38831415, 38831097, 38834389, 38834051, 38833192, 38835535]",69,1704024725,My SBC Collection,story,https://multimedia.cx/eggs/my-sbc-collection/,
99,t_a_v_i_s,11.0,38830441,"[38839690, 38831176, 38837630, 38836908, 38834582, 38833043, 38831209]",25,1704097826,Extract Web Data Easily with AI,story,https://www.kadoa.com/,
